room_type,lenght
Entire home/apt,26.603406619956512
Hotel room,25.177777777777777
Private room,20.36567762630313
Shared room,14.411764705882353
